,QE,Prune,Ordering,Runtime
0,1_3,unpruned,random,0.093956947
1,1_3,unpruned,random,0.078104019
2,1_3,unpruned,random,0.093727589
3,1_3,unpruned,random,0.078109026
4,1_3,unpruned,random,0.07814908
5,1_3,unpruned,random,0.093685389
6,1_3,unpruned,random,0.078276396
7,1_3,unpruned,random,0.078104496
8,1_3,unpruned,random,0.078070879
9,1_3,unpruned,random,0.078109741
10,1_3,unpruned,random,0.093725204
11,1_3,unpruned,random,0.078142643
12,1_3,unpruned,random,0.078108072
13,1_3,unpruned,random,0.093728065
14,1_3,unpruned,random,0.078433037
15,1_3,unpruned,random,0.078108311
16,1_3,unpruned,random,0.078105688
17,1_3,unpruned,random,0.078104973
18,1_3,unpruned,random,0.078073502
19,1_3,unpruned,random,0.078141689
20,1_3,unpruned,random,0.093727112
21,1_3,unpruned,random,0.062485456
22,1_3,unpruned,random,0.078105688
23,1_3,unpruned,random,0.078437328
24,1_3,unpruned,random,0.10934639
25,1_3,unpruned,random,0.093768358
26,1_3,unpruned,random,0.062447071
27,1_3,unpruned,random,0.078146696
28,1_3,unpruned,random,0.078105927
29,1_3,unpruned,random,0.062480927
30,1_3,unpruned,random,0.078106165
31,1_3,unpruned,random,0.078069448
32,1_3,unpruned,random,0.062521219
33,1_3,unpruned,random,0.094085693
34,1_3,unpruned,random,0.062488079
35,1_3,unpruned,random,0.062483788
36,1_3,unpruned,random,0.078104258
37,1_3,unpruned,random,0.078069687
38,1_3,unpruned,random,0.062489033
39,1_3,unpruned,random,0.062913179
40,1_3,unpruned,random,0.093734026
41,1_3,unpruned,random,0.078146458
42,1_3,unpruned,random,0.078069448
43,1_3,unpruned,random,0.062521935
44,1_3,unpruned,random,0.078068495
45,1_3,unpruned,random,0.078515053
46,1_3,unpruned,random,0.078140497
47,1_3,unpruned,random,0.093691349
48,1_3,unpruned,random,0.06252718
49,1_3,unpruned,random,0.078102589
50,1_3,unpruned,random,0.078391552
51,1_3,unpruned,random,0.093766212
52,1_3,unpruned,random,0.07810688
53,1_3,unpruned,random,0.06276083
54,1_3,unpruned,random,0.093775511
55,1_3,unpruned,random,0.081515789
56,1_3,unpruned,random,0.076775789
57,1_3,unpruned,random,0.077630043
58,1_3,unpruned,random,0.078384161
59,1_3,unpruned,random,0.071593046
60,1_3,unpruned,random,0.078108549
61,1_3,unpruned,random,0.07814908
62,1_3,unpruned,random,0.090689659
63,1_3,unpruned,random,0.107633352
64,1_3,unpruned,random,0.086406469
65,1_3,unpruned,random,0.075529814
66,1_3,unpruned,random,0.080248117
67,1_3,unpruned,random,0.074762821
68,1_3,unpruned,random,0.083353758
69,1_3,unpruned,random,0.08944726
70,1_3,unpruned,random,0.103707552
71,1_3,unpruned,random,0.099770546
72,1_3,unpruned,random,0.088726997
73,1_3,unpruned,random,0.072839499
74,1_3,unpruned,random,0.08078599
75,1_3,unpruned,random,0.087596893
76,1_3,unpruned,random,0.074367762
77,1_3,unpruned,random,0.082249403
78,1_3,unpruned,random,0.08545351
79,1_3,unpruned,random,0.08026433
80,1_3,unpruned,random,0.095691919
81,1_3,unpruned,random,0.078788519
82,1_3,unpruned,random,0.088989258
83,1_3,unpruned,random,0.083025455
84,1_3,unpruned,random,0.076795101
85,1_3,unpruned,random,0.060179234
86,1_3,unpruned,random,0.123755932
87,1_3,unpruned,random,0.123402357
88,1_3,unpruned,random,0.078732967
89,1_3,unpruned,random,0.075407267
90,1_3,unpruned,random,0.083961487
91,1_3,unpruned,random,0.089606047
92,1_3,unpruned,random,0.087715149
93,1_3,unpruned,random,0.079190731
94,1_3,unpruned,random,0.093838453
95,1_3,unpruned,random,0.076846123
96,1_3,unpruned,random,0.100722075
97,1_3,unpruned,random,0.121694565
98,1_3,unpruned,random,0.093692303
99,1_3,unpruned,random,0.092749596
100,1_3,unpruned,min_fill,0.096388102
101,1_3,unpruned,min_fill,0.073812723
102,1_3,unpruned,min_fill,0.079303741
103,1_3,unpruned,min_fill,0.073729992
104,1_3,unpruned,min_fill,0.081929922
105,1_3,unpruned,min_fill,0.07846427
106,1_3,unpruned,min_fill,0.085626602
107,1_3,unpruned,min_fill,0.081120491
108,1_3,unpruned,min_fill,0.092375278
109,1_3,unpruned,min_fill,0.09701395
110,1_3,unpruned,min_fill,0.093903065
111,1_3,unpruned,min_fill,0.078561068
112,1_3,unpruned,min_fill,0.077575922
113,1_3,unpruned,min_fill,0.087467194
114,1_3,unpruned,min_fill,0.073704958
115,1_3,unpruned,min_fill,0.083811283
116,1_3,unpruned,min_fill,0.074092865
117,1_3,unpruned,min_fill,0.07002449
118,1_3,unpruned,min_fill,0.070961237
119,1_3,unpruned,min_fill,0.059892893
120,1_3,unpruned,min_fill,0.067602158
121,1_3,unpruned,min_fill,0.068379164
122,1_3,unpruned,min_fill,0.068688869
123,1_3,unpruned,min_fill,0.068618536
124,1_3,unpruned,min_fill,0.072351456
125,1_3,unpruned,min_fill,0.065891504
126,1_3,unpruned,min_fill,0.053917408
127,1_3,unpruned,min_fill,0.077396154
128,1_3,unpruned,min_fill,0.07081008
129,1_3,unpruned,min_fill,0.085776329
130,1_3,unpruned,min_fill,0.084767818
131,1_3,unpruned,min_fill,0.073765516
132,1_3,unpruned,min_fill,0.071808577
133,1_3,unpruned,min_fill,0.067200661
134,1_3,unpruned,min_fill,0.067682028
135,1_3,unpruned,min_fill,0.068658829
136,1_3,unpruned,min_fill,0.069334507
137,1_3,unpruned,min_fill,0.066551208
138,1_3,unpruned,min_fill,0.112213373
139,1_3,unpruned,min_fill,0.068501711
140,1_3,unpruned,min_fill,0.07555294
141,1_3,unpruned,min_fill,0.067859173
142,1_3,unpruned,min_fill,0.065871477
143,1_3,unpruned,min_fill,0.066859961
144,1_3,unpruned,min_fill,0.065822124
145,1_3,unpruned,min_fill,0.066111326
146,1_3,unpruned,min_fill,0.06997776
147,1_3,unpruned,min_fill,0.076084375
148,1_3,unpruned,min_fill,0.073494196
149,1_3,unpruned,min_fill,0.074536324
150,1_3,unpruned,min_fill,0.067413568
151,1_3,unpruned,min_fill,0.073622704
152,1_3,unpruned,min_fill,0.065825224
153,1_3,unpruned,min_fill,0.057299614
154,1_3,unpruned,min_fill,0.06733346
155,1_3,unpruned,min_fill,0.075354576
156,1_3,unpruned,min_fill,0.069808245
157,1_3,unpruned,min_fill,0.066764832
158,1_3,unpruned,min_fill,0.066399336
159,1_3,unpruned,min_fill,0.069598675
160,1_3,unpruned,min_fill,0.066962957
161,1_3,unpruned,min_fill,0.074805737
162,1_3,unpruned,min_fill,0.066842318
163,1_3,unpruned,min_fill,0.071822405
164,1_3,unpruned,min_fill,0.067811012
165,1_3,unpruned,min_fill,0.079146147
166,1_3,unpruned,min_fill,0.083779097
167,1_3,unpruned,min_fill,0.077525139
168,1_3,unpruned,min_fill,0.071805954
169,1_3,unpruned,min_fill,0.068852425
170,1_3,unpruned,min_fill,0.065760851
171,1_3,unpruned,min_fill,0.06700635
172,1_3,unpruned,min_fill,0.066319942
173,1_3,unpruned,min_fill,0.06766367
174,1_3,unpruned,min_fill,0.06595993
175,1_3,unpruned,min_fill,0.068579674
176,1_3,unpruned,min_fill,0.065850258
177,1_3,unpruned,min_fill,0.0776546
178,1_3,unpruned,min_fill,0.071923494
179,1_3,unpruned,min_fill,0.084415674
180,1_3,unpruned,min_fill,0.090709209
181,1_3,unpruned,min_fill,0.065862894
182,1_3,unpruned,min_fill,0.066819191
183,1_3,unpruned,min_fill,0.065787077
184,1_3,unpruned,min_fill,0.067857981
185,1_3,unpruned,min_fill,0.069812059
186,1_3,unpruned,min_fill,0.068780422
187,1_3,unpruned,min_fill,0.063829184
188,1_3,unpruned,min_fill,0.066856384
189,1_3,unpruned,min_fill,0.06382966
190,1_3,unpruned,min_fill,0.07362175
191,1_3,unpruned,min_fill,0.066818953
192,1_3,unpruned,min_fill,0.06383419
193,1_3,unpruned,min_fill,0.06782341
194,1_3,unpruned,min_fill,0.070810795
195,1_3,unpruned,min_fill,0.06847024
196,1_3,unpruned,min_fill,0.067818642
197,1_3,unpruned,min_fill,0.066082716
198,1_3,unpruned,min_fill,0.06582427
199,1_3,unpruned,min_fill,0.065825224
200,1_3,unpruned,min_degree,0.057414055
201,1_3,unpruned,min_degree,0.062458277
202,1_3,unpruned,min_degree,0.077295542
203,1_3,unpruned,min_degree,0.068986654
204,1_3,unpruned,min_degree,0.068035603
205,1_3,unpruned,min_degree,0.068780899
206,1_3,unpruned,min_degree,0.067793846
207,1_3,unpruned,min_degree,0.067853212
208,1_3,unpruned,min_degree,0.06782794
209,1_3,unpruned,min_degree,0.066810846
210,1_3,unpruned,min_degree,0.068779707
211,1_3,unpruned,min_degree,0.066504002
212,1_3,unpruned,min_degree,0.068778276
213,1_3,unpruned,min_degree,0.067856312
214,1_3,unpruned,min_degree,0.068816423
215,1_3,unpruned,min_degree,0.071558714
216,1_3,unpruned,min_degree,0.093747854
217,1_3,unpruned,min_degree,0.087728739
218,1_3,unpruned,min_degree,0.07184267
219,1_3,unpruned,min_degree,0.073767185
220,1_3,unpruned,min_degree,0.066955805
221,1_3,unpruned,min_degree,0.094708204
222,1_3,unpruned,min_degree,0.081814528
223,1_3,unpruned,min_degree,0.051455498
224,1_3,unpruned,min_degree,0.062455177
225,1_3,unpruned,min_degree,0.062484026
226,1_3,unpruned,min_degree,0.078070402
227,1_3,unpruned,min_degree,0.062518597
228,1_3,unpruned,min_degree,0.062493086
229,1_3,unpruned,min_degree,0.062481165
230,1_3,unpruned,min_degree,0.063343525
231,1_3,unpruned,min_degree,0.046635866
232,1_3,unpruned,min_degree,0.063016891
233,1_3,unpruned,min_degree,0.062482595
234,1_3,unpruned,min_degree,0.078106642
235,1_3,unpruned,min_degree,0.062486887
236,1_3,unpruned,min_degree,0.062446833
237,1_3,unpruned,min_degree,0.078107357
238,1_3,unpruned,min_degree,0.071990967
239,1_3,unpruned,min_degree,0.054601908
240,1_3,unpruned,min_degree,0.06248641
241,1_3,unpruned,min_degree,0.062763691
242,1_3,unpruned,min_degree,0.062495232
243,1_3,unpruned,min_degree,0.078059435
244,1_3,unpruned,min_degree,0.062484741
245,1_3,unpruned,min_degree,0.062485218
246,1_3,unpruned,min_degree,0.062486172
247,1_3,unpruned,min_degree,0.064085484
248,1_3,unpruned,min_degree,0.062487125
249,1_3,unpruned,min_degree,0.062526464
250,1_3,unpruned,min_degree,0.062445879
251,1_3,unpruned,min_degree,0.078144073
252,1_3,unpruned,min_degree,0.062448025
253,1_3,unpruned,min_degree,0.062484503
254,1_3,unpruned,min_degree,0.059833527
255,1_3,unpruned,min_degree,0.064352751
256,1_3,unpruned,min_degree,0.06252861
257,1_3,unpruned,min_degree,0.082202435
258,1_3,unpruned,min_degree,0.053897619
259,1_3,unpruned,min_degree,0.062762737
260,1_3,unpruned,min_degree,0.078105927
261,1_3,unpruned,min_degree,0.062485933
262,1_3,unpruned,min_degree,0.062486887
263,1_3,unpruned,min_degree,0.078137636
264,1_3,unpruned,min_degree,0.059235811
265,1_3,unpruned,min_degree,0.078145504
266,1_3,unpruned,min_degree,0.046868086
267,1_3,unpruned,min_degree,0.078068018
268,1_3,unpruned,min_degree,0.062522173
269,1_3,unpruned,min_degree,0.068499327
270,1_3,unpruned,min_degree,0.06375885
271,1_3,unpruned,min_degree,0.062527895
272,1_3,unpruned,min_degree,0.06248641
273,1_3,unpruned,min_degree,0.062485218
274,1_3,unpruned,min_degree,0.074275255
275,1_3,unpruned,min_degree,0.053203583
276,1_3,unpruned,min_degree,0.062484264
277,1_3,unpruned,min_degree,0.07810998
278,1_3,unpruned,min_degree,0.062482595
279,1_3,unpruned,min_degree,0.062484026
280,1_3,unpruned,min_degree,0.062489748
281,1_3,unpruned,min_degree,0.078150511
282,1_3,unpruned,min_degree,0.067819834
283,1_3,unpruned,min_degree,0.067816973
284,1_3,unpruned,min_degree,0.066822529
285,1_3,unpruned,min_degree,0.06578517
286,1_3,unpruned,min_degree,0.068147421
287,1_3,unpruned,min_degree,0.068367958
288,1_3,unpruned,min_degree,0.064827204
289,1_3,unpruned,min_degree,0.067783356
290,1_3,unpruned,min_degree,0.073838472
291,1_3,unpruned,min_degree,0.06977582
292,1_3,unpruned,min_degree,0.075798512
293,1_3,unpruned,min_degree,0.078825712
294,1_3,unpruned,min_degree,0.071770191
295,1_3,unpruned,min_degree,0.075833082
296,1_3,unpruned,min_degree,0.067813873
297,1_3,unpruned,min_degree,0.08673811
298,1_3,unpruned,min_degree,0.07497859
299,1_3,unpruned,min_degree,0.062491894
300,1_3,pruned,random,0.015620947
301,1_3,pruned,random,0.041259766
302,1_3,pruned,random,0.024930239
303,1_3,pruned,random,0.026929855
304,1_3,pruned,random,0.025914192
305,1_3,pruned,random,0.0249331
306,1_3,pruned,random,0.029919624
307,1_3,pruned,random,0.02393508
308,1_3,pruned,random,0.025221348
309,1_3,pruned,random,0.030714989
310,1_3,pruned,random,0.020907402
311,1_3,pruned,random,0.015068531
312,1_3,pruned,random,0.025672913
313,1_3,pruned,random,0.021903038
314,1_3,pruned,random,0.022979021
315,1_3,pruned,random,0.020582914
316,1_3,pruned,random,0.022942066
317,1_3,pruned,random,0.02293849
318,1_3,pruned,random,0.021941185
319,1_3,pruned,random,0.022938728
320,1_3,pruned,random,0.01812005
321,1_3,pruned,random,0.015621185
322,1_3,pruned,random,0.02825141
323,1_3,pruned,random,0.023936987
324,1_3,pruned,random,0.022938728
325,1_3,pruned,random,0.025929689
326,1_3,pruned,random,0.022975445
327,1_3,pruned,random,0.019908905
328,1_3,pruned,random,0.007126808
329,1_3,pruned,random,0.035606623
330,1_3,pruned,random,0.021941185
331,1_3,pruned,random,0.021941423
332,1_3,pruned,random,0.022940159
333,1_3,pruned,random,0.022937298
334,1_3,pruned,random,0.024933577
335,1_3,pruned,random,0.022935867
336,1_3,pruned,random,0.023977041
337,1_3,pruned,random,0.021901846
338,1_3,pruned,random,0.020979643
339,1_3,pruned,random,0.019911051
340,1_3,pruned,random,0.020944595
341,1_3,pruned,random,0.021940947
342,1_3,pruned,random,0.022975206
343,1_3,pruned,random,0.019944906
344,1_3,pruned,random,0.019854546
345,1_3,pruned,random,0.017925501
346,1_3,pruned,random,0.015659571
347,1_3,pruned,random,0.039971828
348,1_3,pruned,random,0.027925491
349,1_3,pruned,random,0.027923584
350,1_3,pruned,random,0.029922009
351,1_3,pruned,random,0.026934624
352,1_3,pruned,random,0.027915239
353,1_3,pruned,random,0.027925491
354,1_3,pruned,random,0.027944326
355,1_3,pruned,random,0.024951935
356,1_3,pruned,random,0.021905422
357,1_3,pruned,random,0.024933815
358,1_3,pruned,random,0.022977352
359,1_3,pruned,random,0.020939827
360,1_3,pruned,random,0.018951178
361,1_3,pruned,random,0.01994586
362,1_3,pruned,random,0.015763044
363,1_3,pruned,random,0.016134262
364,1_3,pruned,random,0.031136513
365,1_3,pruned,random,0.015621662
366,1_3,pruned,random,0.015622616
367,1_3,pruned,random,0.031280994
368,1_3,pruned,random,0.015619278
369,1_3,pruned,random,0.015586138
370,1_3,pruned,random,0.031241894
371,1_3,pruned,random,0.015623093
372,1_3,pruned,random,0.031238794
373,1_3,pruned,random,0.015621901
374,1_3,pruned,random,0.029892683
375,1_3,pruned,random,0.02098012
376,1_3,pruned,random,0.018950939
377,1_3,pruned,random,0.006981611
378,1_3,pruned,random,0.034541845
379,1_3,pruned,random,0.014722586
380,1_3,pruned,random,0.01500845
381,1_3,pruned,random,0.031248808
382,1_3,pruned,random,0.015622616
383,1_3,pruned,random,0.031241417
384,1_3,pruned,random,0.02366662
385,1_3,pruned,random,0.019983053
386,1_3,pruned,random,0.014010668
387,1_3,pruned,random,0.027536631
388,1_3,pruned,random,0.020967007
389,1_3,pruned,random,0.015864849
390,1_3,pruned,random,0.015626192
391,1_3,pruned,random,0.015621185
392,1_3,pruned,random,0.03163743
393,1_3,pruned,random,0.015628099
394,1_3,pruned,random,0.031244278
395,1_3,pruned,random,0.01562047
396,1_3,pruned,random,0.031270027
397,1_3,pruned,random,0.018942833
398,1_3,pruned,random,0.009972811
399,1_3,pruned,random,0.031616688
400,1_3,pruned,min_fill,0.015450954
401,1_3,pruned,min_fill,0.030637264
402,1_3,pruned,min_fill,0.015622377
403,1_3,pruned,min_fill,0.033967018
404,1_3,pruned,min_fill,0.020981312
405,1_3,pruned,min_fill,0.016992807
406,1_3,pruned,min_fill,0.015660524
407,1_3,pruned,min_fill,0.015618801
408,1_3,pruned,min_fill,0.015624523
409,1_3,pruned,min_fill,0.031242847
410,1_3,pruned,min_fill,0.015624046
411,1_3,pruned,min_fill,0.031238317
412,1_3,pruned,min_fill,0.015623093
413,1_3,pruned,min_fill,0.031241417
414,1_3,pruned,min_fill,0.015625
415,1_3,pruned,min_fill,0.015617847
416,1_3,pruned,min_fill,0.033460379
417,1_3,pruned,min_fill,0.02098608
418,1_3,pruned,min_fill,0.019946575
419,1_3,pruned,min_fill,0.004949808
420,1_3,pruned,min_fill,0.031324625
421,1_3,pruned,min_fill,0.015622139
422,1_3,pruned,min_fill,0.015617609
423,1_3,pruned,min_fill,0.031248569
424,1_3,pruned,min_fill,0.015618563
425,1_3,pruned,min_fill,0.015621185
426,1_3,pruned,min_fill,0.015584946
427,1_3,pruned,min_fill,0.032618761
428,1_3,pruned,min_fill,0.014544725
429,1_3,pruned,min_fill,0.015666485
430,1_3,pruned,min_fill,0.031241655
431,1_3,pruned,min_fill,0.015619993
432,1_3,pruned,min_fill,0.015626907
433,1_3,pruned,min_fill,0.03123641
434,1_3,pruned,min_fill,0.015624046
435,1_3,pruned,min_fill,0.015620947
436,1_3,pruned,min_fill,0.015619755
437,1_3,pruned,min_fill,0.036092281
438,1_3,pruned,min_fill,0.020945787
439,1_3,pruned,min_fill,0.020905733
440,1_3,pruned,min_fill,0.020979404
441,1_3,pruned,min_fill,0.020946264
442,1_3,pruned,min_fill,0.020906687
443,1_3,pruned,min_fill,0.021975994
444,1_3,pruned,min_fill,0.020944834
445,1_3,pruned,min_fill,0.020945549
446,1_3,pruned,min_fill,0.021939039
447,1_3,pruned,min_fill,0.020944595
448,1_3,pruned,min_fill,0.01994729
449,1_3,pruned,min_fill,0.021904945
450,1_3,pruned,min_fill,0.020983696
451,1_3,pruned,min_fill,0.02252841
452,1_3,pruned,min_fill,0.020982742
453,1_3,pruned,min_fill,0.020945549
454,1_3,pruned,min_fill,0.019944191
455,1_3,pruned,min_fill,0.031914473
456,1_3,pruned,min_fill,0.023308992
457,1_3,pruned,min_fill,0.020942211
458,1_3,pruned,min_fill,0.01797986
459,1_3,pruned,min_fill,0.024352074
460,1_3,pruned,min_fill,0.019944191
461,1_3,pruned,min_fill,0.020948648
462,1_3,pruned,min_fill,0.022937775
463,1_3,pruned,min_fill,0.019948959
464,1_3,pruned,min_fill,0.025892019
465,1_3,pruned,min_fill,0.021981001
466,1_3,pruned,min_fill,0.02193594
467,1_3,pruned,min_fill,0.022943974
468,1_3,pruned,min_fill,0.02393198
469,1_3,pruned,min_fill,0.022900343
470,1_3,pruned,min_fill,0.022981405
471,1_3,pruned,min_fill,0.021623611
472,1_3,pruned,min_fill,0.020941019
473,1_3,pruned,min_fill,0.020964384
474,1_3,pruned,min_fill,0.020925045
475,1_3,pruned,min_fill,0.020949125
476,1_3,pruned,min_fill,0.023893356
477,1_3,pruned,min_fill,0.027964354
478,1_3,pruned,min_fill,0.021933079
479,1_3,pruned,min_fill,0.020948648
480,1_3,pruned,min_fill,0.023936749
481,1_3,pruned,min_fill,0.020945787
482,1_3,pruned,min_fill,0.021639824
483,1_3,pruned,min_fill,0.02094388
484,1_3,pruned,min_fill,0.020948172
485,1_3,pruned,min_fill,0.020902872
486,1_3,pruned,min_fill,0.020982981
487,1_3,pruned,min_fill,0.021901846
488,1_3,pruned,min_fill,0.020610332
489,1_3,pruned,min_fill,0.022937536
490,1_3,pruned,min_fill,0.023900986
491,1_3,pruned,min_fill,0.023973703
492,1_3,pruned,min_fill,0.023898602
493,1_3,pruned,min_fill,0.020979404
494,1_3,pruned,min_fill,0.02194047
495,1_3,pruned,min_fill,0.021905661
496,1_3,pruned,min_fill,0.021942139
497,1_3,pruned,min_fill,0.020979166
498,1_3,pruned,min_fill,0.021941662
499,1_3,pruned,min_fill,0.020907879
500,1_3,pruned,min_degree,0.024935961
501,1_3,pruned,min_degree,0.025965452
502,1_3,pruned,min_degree,0.022939444
503,1_3,pruned,min_degree,0.02090621
504,1_3,pruned,min_degree,0.02396512
505,1_3,pruned,min_degree,0.022909403
506,1_3,pruned,min_degree,0.023972034
507,1_3,pruned,min_degree,0.021905184
508,1_3,pruned,min_degree,0.025933027
509,1_3,pruned,min_degree,0.021975994
510,1_3,pruned,min_degree,0.023899794
511,1_3,pruned,min_degree,0.021979094
512,1_3,pruned,min_degree,0.020945072
513,1_3,pruned,min_degree,0.02090621
514,1_3,pruned,min_degree,0.032910109
515,1_3,pruned,min_degree,0.060631514
516,1_3,pruned,min_degree,0.037923813
517,1_3,pruned,min_degree,0.039870024
518,1_3,pruned,min_degree,0.025964975
519,1_3,pruned,min_degree,0.028921604
520,1_3,pruned,min_degree,0.026890993
521,1_3,pruned,min_degree,0.02293539
522,1_3,pruned,min_degree,0.026932955
523,1_3,pruned,min_degree,0.021976709
524,1_3,pruned,min_degree,0.021901608
525,1_3,pruned,min_degree,0.020943403
526,1_3,pruned,min_degree,0.023936033
527,1_3,pruned,min_degree,0.022940636
528,1_3,pruned,min_degree,0.022938967
529,1_3,pruned,min_degree,0.022936106
530,1_3,pruned,min_degree,0.022938728
531,1_3,pruned,min_degree,0.022940636
532,1_3,pruned,min_degree,0.024933338
533,1_3,pruned,min_degree,0.023934364
534,1_3,pruned,min_degree,0.020944118
535,1_3,pruned,min_degree,0.020945072
536,1_3,pruned,min_degree,0.021942139
537,1_3,pruned,min_degree,0.023933411
538,1_3,pruned,min_degree,0.019946814
539,1_3,pruned,min_degree,0.020946264
540,1_3,pruned,min_degree,0.019981384
541,1_3,pruned,min_degree,0.020844698
542,1_3,pruned,min_degree,0.01893878
543,1_3,pruned,min_degree,0.021950245
544,1_3,pruned,min_degree,0.021939754
545,1_3,pruned,min_degree,0.022940159
546,1_3,pruned,min_degree,0.021939993
547,1_3,pruned,min_degree,0.02390027
548,1_3,pruned,min_degree,0.019946337
549,1_3,pruned,min_degree,0.021941662
550,1_3,pruned,min_degree,0.022938251
551,1_3,pruned,min_degree,0.021941662
552,1_3,pruned,min_degree,0.023935795
553,1_3,pruned,min_degree,0.022938728
554,1_3,pruned,min_degree,0.022938967
555,1_3,pruned,min_degree,0.02293849
556,1_3,pruned,min_degree,0.019944906
557,1_3,pruned,min_degree,0.020943642
558,1_3,pruned,min_degree,0.02293849
559,1_3,pruned,min_degree,0.02293849
560,1_3,pruned,min_degree,0.011048794
561,1_3,pruned,min_degree,0.030972958
562,1_3,pruned,min_degree,0.017718554
563,1_3,pruned,min_degree,0.015042782
564,1_3,pruned,min_degree,0.015661478
565,1_3,pruned,min_degree,0.031242847
566,1_3,pruned,min_degree,0.015621901
567,1_3,pruned,min_degree,0.01562047
568,1_3,pruned,min_degree,0.031242132
569,1_3,pruned,min_degree,0.015621424
570,1_3,pruned,min_degree,0.031241894
571,1_3,pruned,min_degree,0.015625954
572,1_3,pruned,min_degree,0.015583992
573,1_3,pruned,min_degree,0.031242609
574,1_3,pruned,min_degree,0.01562047
575,1_3,pruned,min_degree,0.015621424
576,1_3,pruned,min_degree,0.01561904
577,1_3,pruned,min_degree,0.034590244
578,1_3,pruned,min_degree,0.015663862
579,1_3,pruned,min_degree,0.015622377
580,1_3,pruned,min_degree,0.015623808
581,1_3,pruned,min_degree,0.031239033
582,1_3,pruned,min_degree,0.01562047
583,1_3,pruned,min_degree,0.015622139
584,1_3,pruned,min_degree,0.036664009
585,1_3,pruned,min_degree,0.020939827
586,1_3,pruned,min_degree,0.019058466
587,1_3,pruned,min_degree,0.02067852
588,1_3,pruned,min_degree,0.020940781
589,1_3,pruned,min_degree,0.006832361
590,1_3,pruned,min_degree,0.030711889
591,1_3,pruned,min_degree,0.015615225
592,1_3,pruned,min_degree,0.032721996
593,1_3,pruned,min_degree,0.014542818
594,1_3,pruned,min_degree,0.015625954
595,1_3,pruned,min_degree,0.015621185
596,1_3,pruned,min_degree,0.031241894
597,1_3,pruned,min_degree,0.015668154
598,1_3,pruned,min_degree,0.031236172
599,1_3,pruned,min_degree,0.015619755
600,2_2,unpruned,random,0.12543416
601,2_2,unpruned,random,0.171880484
602,2_2,unpruned,random,0.109339237
603,2_2,unpruned,random,0.10935092
604,2_2,unpruned,random,0.166084051
605,2_2,unpruned,random,0.156179667
606,2_2,unpruned,random,0.126575947
607,2_2,unpruned,random,0.175902843
608,2_2,unpruned,random,0.17179656
609,2_2,unpruned,random,0.203077078
610,2_2,unpruned,random,0.106498003
611,2_2,unpruned,random,0.106761456
612,2_2,unpruned,random,0.140589714
613,2_2,unpruned,random,0.099842787
614,2_2,unpruned,random,0.124443293
615,2_2,unpruned,random,0.140587807
616,2_2,unpruned,random,0.172244549
617,2_2,unpruned,random,0.159020901
618,2_2,unpruned,random,0.085336924
619,2_2,unpruned,random,0.15625
620,2_2,unpruned,random,0.140837193
621,2_2,unpruned,random,0.083572865
622,2_2,unpruned,random,0.140592575
623,2_2,unpruned,random,0.124967813
624,2_2,unpruned,random,0.109351635
625,2_2,unpruned,random,0.162590742
626,2_2,unpruned,random,0.128762007
627,2_2,unpruned,random,0.093726158
628,2_2,unpruned,random,0.120065212
629,2_2,unpruned,random,0.103830576
630,2_2,unpruned,random,0.109346151
631,2_2,unpruned,random,0.093726873
632,2_2,unpruned,random,0.078104973
633,2_2,unpruned,random,0.093733311
634,2_2,unpruned,random,0.124967337
635,2_2,unpruned,random,0.135741472
636,2_2,unpruned,random,0.078111649
637,2_2,unpruned,random,0.124971628
638,2_2,unpruned,random,0.115032911
639,2_2,unpruned,random,0.125008345
640,2_2,unpruned,random,0.109314442
641,2_2,unpruned,random,0.125408649
642,2_2,unpruned,random,0.078073263
643,2_2,unpruned,random,0.132022619
644,2_2,unpruned,random,0.087388277
645,2_2,unpruned,random,0.071671009
646,2_2,unpruned,random,0.109346867
647,2_2,unpruned,random,0.133700132
648,2_2,unpruned,random,0.115435362
649,2_2,unpruned,random,0.105719805
650,2_2,unpruned,random,0.104719639
651,2_2,unpruned,random,0.132645369
652,2_2,unpruned,random,0.128655672
653,2_2,unpruned,random,0.130668402
654,2_2,unpruned,random,0.124669313
655,2_2,unpruned,random,0.093748093
656,2_2,unpruned,random,0.128690004
657,2_2,unpruned,random,0.124670267
658,2_2,unpruned,random,0.102842569
659,2_2,unpruned,random,0.102722883
660,2_2,unpruned,random,0.107714176
661,2_2,unpruned,random,0.109705925
662,2_2,unpruned,random,0.082215786
663,2_2,unpruned,random,0.093769312
664,2_2,unpruned,random,0.12496686
665,2_2,unpruned,random,0.085997343
666,2_2,unpruned,random,0.075800657
667,2_2,unpruned,random,0.11089921
668,2_2,unpruned,random,0.093729258
669,2_2,unpruned,random,0.100270748
670,2_2,unpruned,random,0.087663651
671,2_2,unpruned,random,0.078101635
672,2_2,unpruned,random,0.097578764
673,2_2,unpruned,random,0.098091602
674,2_2,unpruned,random,0.109348297
675,2_2,unpruned,random,0.096428871
676,2_2,unpruned,random,0.081073761
677,2_2,unpruned,random,0.112359047
678,2_2,unpruned,random,0.120717049
679,2_2,unpruned,random,0.111726522
680,2_2,unpruned,random,0.091689825
681,2_2,unpruned,random,0.109350681
682,2_2,unpruned,random,0.100842237
683,2_2,unpruned,random,0.098769903
684,2_2,unpruned,random,0.093728065
685,2_2,unpruned,random,0.116400242
686,2_2,unpruned,random,0.107553959
687,2_2,unpruned,random,0.094125986
688,2_2,unpruned,random,0.109352827
689,2_2,unpruned,random,0.093691349
690,2_2,unpruned,random,0.078138828
691,2_2,unpruned,random,0.078114033
692,2_2,unpruned,random,0.083605528
693,2_2,unpruned,random,0.098714352
694,2_2,unpruned,random,0.123864174
695,2_2,unpruned,random,0.097251654
696,2_2,unpruned,random,0.095861912
697,2_2,unpruned,random,0.078107357
698,2_2,unpruned,random,0.093727589
699,2_2,unpruned,random,0.093727112
700,2_2,unpruned,min_fill,0.078107119
701,2_2,unpruned,min_fill,0.078144073
702,2_2,unpruned,min_fill,0.078104496
703,2_2,unpruned,min_fill,0.082108259
704,2_2,unpruned,min_fill,0.068552732
705,2_2,unpruned,min_fill,0.078150034
706,2_2,unpruned,min_fill,0.078140259
707,2_2,unpruned,min_fill,0.078073502
708,2_2,unpruned,min_fill,0.082190037
709,2_2,unpruned,min_fill,0.064168215
710,2_2,unpruned,min_fill,0.078140736
711,2_2,unpruned,min_fill,0.078103065
712,2_2,unpruned,min_fill,0.078076601
713,2_2,unpruned,min_fill,0.078141212
714,2_2,unpruned,min_fill,0.078071833
715,2_2,unpruned,min_fill,0.078105688
716,2_2,unpruned,min_fill,0.08457756
717,2_2,unpruned,min_fill,0.066227913
718,2_2,unpruned,min_fill,0.078141212
719,2_2,unpruned,min_fill,0.078074455
720,2_2,unpruned,min_fill,0.078104973
721,2_2,unpruned,min_fill,0.085574865
722,2_2,unpruned,min_fill,0.075860262
723,2_2,unpruned,min_fill,0.078109741
724,2_2,unpruned,min_fill,0.078101873
725,2_2,unpruned,min_fill,0.078109741
726,2_2,unpruned,min_fill,0.078106165
727,2_2,unpruned,min_fill,0.078072309
728,2_2,unpruned,min_fill,0.093730927
729,2_2,unpruned,min_fill,0.086788654
730,2_2,unpruned,min_fill,0.080204964
731,2_2,unpruned,min_fill,0.078112364
732,2_2,unpruned,min_fill,0.078102827
733,2_2,unpruned,min_fill,0.097389698
734,2_2,unpruned,min_fill,0.08024478
735,2_2,unpruned,min_fill,0.078107595
736,2_2,unpruned,min_fill,0.078107119
737,2_2,unpruned,min_fill,0.078104734
738,2_2,unpruned,min_fill,0.078105688
739,2_2,unpruned,min_fill,0.078108311
740,2_2,unpruned,min_fill,0.078113317
741,2_2,unpruned,min_fill,0.084457874
742,2_2,unpruned,min_fill,0.081939697
743,2_2,unpruned,min_fill,0.078113317
744,2_2,unpruned,min_fill,0.078506231
745,2_2,unpruned,min_fill,0.082289219
746,2_2,unpruned,min_fill,0.076328516
747,2_2,unpruned,min_fill,0.064878464
748,2_2,unpruned,min_fill,0.078361988
749,2_2,unpruned,min_fill,0.078113794
750,2_2,unpruned,min_fill,0.078138351
751,2_2,unpruned,min_fill,0.078073978
752,2_2,unpruned,min_fill,0.078506947
753,2_2,unpruned,min_fill,0.062518835
754,2_2,unpruned,min_fill,0.084372759
755,2_2,unpruned,min_fill,0.081798553
756,2_2,unpruned,min_fill,0.062485695
757,2_2,unpruned,min_fill,0.078106403
758,2_2,unpruned,min_fill,0.078106403
759,2_2,unpruned,min_fill,0.082191467
760,2_2,unpruned,min_fill,0.064285994
761,2_2,unpruned,min_fill,0.078104734
762,2_2,unpruned,min_fill,0.078310966
763,2_2,unpruned,min_fill,0.07813859
764,2_2,unpruned,min_fill,0.07810545
765,2_2,unpruned,min_fill,0.078073502
766,2_2,unpruned,min_fill,0.078107357
767,2_2,unpruned,min_fill,0.084309816
768,2_2,unpruned,min_fill,0.066221952
769,2_2,unpruned,min_fill,0.07814312
770,2_2,unpruned,min_fill,0.078071356
771,2_2,unpruned,min_fill,0.07810688
772,2_2,unpruned,min_fill,0.086125374
773,2_2,unpruned,min_fill,0.075840473
774,2_2,unpruned,min_fill,0.062484503
775,2_2,unpruned,min_fill,0.078108549
776,2_2,unpruned,min_fill,0.078106642
777,2_2,unpruned,min_fill,0.078104734
778,2_2,unpruned,min_fill,0.078107595
779,2_2,unpruned,min_fill,0.078139544
780,2_2,unpruned,min_fill,0.0848248
781,2_2,unpruned,min_fill,0.06598115
782,2_2,unpruned,min_fill,0.078135729
783,2_2,unpruned,min_fill,0.078106403
784,2_2,unpruned,min_fill,0.078137636
785,2_2,unpruned,min_fill,0.08903718
786,2_2,unpruned,min_fill,0.072885036
787,2_2,unpruned,min_fill,0.078104734
788,2_2,unpruned,min_fill,0.078102589
789,2_2,unpruned,min_fill,0.078109026
790,2_2,unpruned,min_fill,0.078103542
791,2_2,unpruned,min_fill,0.078109264
792,2_2,unpruned,min_fill,0.093691826
793,2_2,unpruned,min_fill,0.084566116
794,2_2,unpruned,min_fill,0.081903458
795,2_2,unpruned,min_fill,0.07810235
796,2_2,unpruned,min_fill,0.096153975
797,2_2,unpruned,min_fill,0.084323645
798,2_2,unpruned,min_fill,0.075232267
799,2_2,unpruned,min_fill,0.078110218
800,2_2,unpruned,min_degree,0.078102589
801,2_2,unpruned,min_degree,0.093728304
802,2_2,unpruned,min_degree,0.078109026
803,2_2,unpruned,min_degree,0.078103065
804,2_2,unpruned,min_degree,0.078106403
805,2_2,unpruned,min_degree,0.068890572
806,2_2,unpruned,min_degree,0.081841707
807,2_2,unpruned,min_degree,0.078073978
808,2_2,unpruned,min_degree,0.078106165
809,2_2,unpruned,min_degree,0.081826448
810,2_2,unpruned,min_degree,0.074800253
811,2_2,unpruned,min_degree,0.067877531
812,2_2,unpruned,min_degree,0.080459118
813,2_2,unpruned,min_degree,0.076034784
814,2_2,unpruned,min_degree,0.078073025
815,2_2,unpruned,min_degree,0.07810688
816,2_2,unpruned,min_degree,0.078107357
817,2_2,unpruned,min_degree,0.078106165
818,2_2,unpruned,min_degree,0.084353924
819,2_2,unpruned,min_degree,0.066194057
820,2_2,unpruned,min_degree,0.078197479
821,2_2,unpruned,min_degree,0.078137398
822,2_2,unpruned,min_degree,0.084678173
823,2_2,unpruned,min_degree,0.07575798
824,2_2,unpruned,min_degree,0.062573195
825,2_2,unpruned,min_degree,0.078106165
826,2_2,unpruned,min_degree,0.078105211
827,2_2,unpruned,min_degree,0.078140497
828,2_2,unpruned,min_degree,0.078107834
829,2_2,unpruned,min_degree,0.078105211
830,2_2,unpruned,min_degree,0.078075647
831,2_2,unpruned,min_degree,0.071726084
832,2_2,unpruned,min_degree,0.079469919
833,2_2,unpruned,min_degree,0.10934639
834,2_2,unpruned,min_degree,0.078073025
835,2_2,unpruned,min_degree,0.099852324
836,2_2,unpruned,min_degree,0.092743635
837,2_2,unpruned,min_degree,0.109354019
838,2_2,unpruned,min_degree,0.109344959
839,2_2,unpruned,min_degree,0.109384298
840,2_2,unpruned,min_degree,0.109352827
841,2_2,unpruned,min_degree,0.094389915
842,2_2,unpruned,min_degree,0.088237286
843,2_2,unpruned,min_degree,0.09376502
844,2_2,unpruned,min_degree,0.093725443
845,2_2,unpruned,min_degree,0.106383085
846,2_2,unpruned,min_degree,0.086816072
847,2_2,unpruned,min_degree,0.093726397
848,2_2,unpruned,min_degree,0.109350443
849,2_2,unpruned,min_degree,0.093726635
850,2_2,unpruned,min_degree,0.109348297
851,2_2,unpruned,min_degree,0.110037327
852,2_2,unpruned,min_degree,0.087488174
853,2_2,unpruned,min_degree,0.109688282
854,2_2,unpruned,min_degree,0.093727589
855,2_2,unpruned,min_degree,0.116529703
856,2_2,unpruned,min_degree,0.092156172
857,2_2,unpruned,min_degree,0.0937078
858,2_2,unpruned,min_degree,0.093694448
859,2_2,unpruned,min_degree,0.09376049
860,2_2,unpruned,min_degree,0.093729734
861,2_2,unpruned,min_degree,0.093727589
862,2_2,unpruned,min_degree,0.084501266
863,2_2,unpruned,min_degree,0.081860781
864,2_2,unpruned,min_degree,0.096776247
865,2_2,unpruned,min_degree,0.078104734
866,2_2,unpruned,min_degree,0.085748911
867,2_2,unpruned,min_degree,0.072836637
868,2_2,unpruned,min_degree,0.078105211
869,2_2,unpruned,min_degree,0.078303337
870,2_2,unpruned,min_degree,0.078106165
871,2_2,unpruned,min_degree,0.078108072
872,2_2,unpruned,min_degree,0.078104496
873,2_2,unpruned,min_degree,0.078107595
874,2_2,unpruned,min_degree,0.079287767
875,2_2,unpruned,min_degree,0.071602106
876,2_2,unpruned,min_degree,0.078251123
877,2_2,unpruned,min_degree,0.078105927
878,2_2,unpruned,min_degree,0.062486649
879,2_2,unpruned,min_degree,0.09074688
880,2_2,unpruned,min_degree,0.071128368
881,2_2,unpruned,min_degree,0.078106403
882,2_2,unpruned,min_degree,0.062484503
883,2_2,unpruned,min_degree,0.093728542
884,2_2,unpruned,min_degree,0.06251812
885,2_2,unpruned,min_degree,0.078072071
886,2_2,unpruned,min_degree,0.078107834
887,2_2,unpruned,min_degree,0.086783648
888,2_2,unpruned,min_degree,0.075489044
889,2_2,unpruned,min_degree,0.066555738
890,2_2,unpruned,min_degree,0.078105211
891,2_2,unpruned,min_degree,0.078138828
892,2_2,unpruned,min_degree,0.080806732
893,2_2,unpruned,min_degree,0.065668106
894,2_2,unpruned,min_degree,0.078319788
895,2_2,unpruned,min_degree,0.078106165
896,2_2,unpruned,min_degree,0.078106403
897,2_2,unpruned,min_degree,0.062484264
898,2_2,unpruned,min_degree,0.093728781
899,2_2,unpruned,min_degree,0.078104019
900,2_2,pruned,random,0.046867609
901,2_2,pruned,random,0.046687365
902,2_2,pruned,random,0.037614584
903,2_2,pruned,random,0.034934282
904,2_2,pruned,random,0.046864986
905,2_2,pruned,random,0.046865463
906,2_2,pruned,random,0.046897173
907,2_2,pruned,random,0.046830654
908,2_2,pruned,random,0.031273365
909,2_2,pruned,random,0.059816837
910,2_2,pruned,random,0.044878483
911,2_2,pruned,random,0.04164505
912,2_2,pruned,random,0.046861887
913,2_2,pruned,random,0.031243563
914,2_2,pruned,random,0.046863556
915,2_2,pruned,random,0.046862602
916,2_2,pruned,random,0.046831131
917,2_2,pruned,random,0.046904802
918,2_2,pruned,random,0.046860456
919,2_2,pruned,random,0.031240463
920,2_2,pruned,random,0.049179554
921,2_2,pruned,random,0.044828415
922,2_2,pruned,random,0.046863794
923,2_2,pruned,random,0.060985565
924,2_2,pruned,random,0.038967848
925,2_2,pruned,random,0.051162958
926,2_2,pruned,random,0.046334267
927,2_2,pruned,random,0.046863079
928,2_2,pruned,random,0.046865463
929,2_2,pruned,random,0.046861172
930,2_2,pruned,random,0.046862602
931,2_2,pruned,random,0.05055356
932,2_2,pruned,random,0.046481133
933,2_2,pruned,random,0.033376217
934,2_2,pruned,random,0.04686594
935,2_2,pruned,random,0.046863794
936,2_2,pruned,random,0.046860695
937,2_2,pruned,random,0.046868563
938,2_2,pruned,random,0.046857357
939,2_2,pruned,random,0.046863317
940,2_2,pruned,random,0.031249523
941,2_2,pruned,random,0.046857834
942,2_2,pruned,random,0.046867132
943,2_2,pruned,random,0.046860695
944,2_2,pruned,random,0.046862841
945,2_2,pruned,random,0.052768707
946,2_2,pruned,random,0.032013655
947,2_2,pruned,random,0.051208258
948,2_2,pruned,random,0.046325684
949,2_2,pruned,random,0.046864986
950,2_2,pruned,random,0.031474829
951,2_2,pruned,random,0.046871901
952,2_2,pruned,random,0.046895504
953,2_2,pruned,random,0.054249287
954,2_2,pruned,random,0.043200731
955,2_2,pruned,random,0.0330019
956,2_2,pruned,random,0.046833277
957,2_2,pruned,random,0.031275034
958,2_2,pruned,random,0.046862841
959,2_2,pruned,random,0.046831131
960,2_2,pruned,random,0.046864748
961,2_2,pruned,random,0.046863556
962,2_2,pruned,random,0.046862602
963,2_2,pruned,random,0.031276464
964,2_2,pruned,random,0.046862364
965,2_2,pruned,random,0.046864271
966,2_2,pruned,random,0.046831846
967,2_2,pruned,random,0.046865225
968,2_2,pruned,random,0.04792881
969,2_2,pruned,random,0.03661871
970,2_2,pruned,random,0.035075665
971,2_2,pruned,random,0.04686594
972,2_2,pruned,random,0.049356222
973,2_2,pruned,random,0.044755936
974,2_2,pruned,random,0.046865225
975,2_2,pruned,random,0.031242371
976,2_2,pruned,random,0.05533123
977,2_2,pruned,random,0.042885065
978,2_2,pruned,random,0.032045603
979,2_2,pruned,random,0.046864033
980,2_2,pruned,random,0.046864271
981,2_2,pruned,random,0.032487392
982,2_2,pruned,random,0.045756817
983,2_2,pruned,random,0.046861887
984,2_2,pruned,random,0.046865463
985,2_2,pruned,random,0.046862602
986,2_2,pruned,random,0.04689765
987,2_2,pruned,random,0.031245232
988,2_2,pruned,random,0.04685998
989,2_2,pruned,random,0.046831846
990,2_2,pruned,random,0.046865225
991,2_2,pruned,random,0.051793814
992,2_2,pruned,random,0.032668829
993,2_2,pruned,random,0.050584316
994,2_2,pruned,random,0.031238556
995,2_2,pruned,random,0.04686451
996,2_2,pruned,random,0.046831369
997,2_2,pruned,random,0.046898127
998,2_2,pruned,random,0.031239986
999,2_2,pruned,random,0.057854891
1000,2_2,pruned,min_fill,0.046567202
1001,2_2,pruned,min_fill,0.04069519
1002,2_2,pruned,min_fill,0.0468297
1003,2_2,pruned,min_fill,0.031242609
1004,2_2,pruned,min_fill,0.046864271
1005,2_2,pruned,min_fill,0.046863556
1006,2_2,pruned,min_fill,0.046863794
1007,2_2,pruned,min_fill,0.031242609
1008,2_2,pruned,min_fill,0.046863556
1009,2_2,pruned,min_fill,0.046863079
1010,2_2,pruned,min_fill,0.046865225
1011,2_2,pruned,min_fill,0.031242132
1012,2_2,pruned,min_fill,0.063753128
1013,2_2,pruned,min_fill,0.030159235
1014,2_2,pruned,min_fill,0.053309679
1015,2_2,pruned,min_fill,0.031138182
1016,2_2,pruned,min_fill,0.050397396
1017,2_2,pruned,min_fill,0.046869755
1018,2_2,pruned,min_fill,0.031243801
1019,2_2,pruned,min_fill,0.046862602
1020,2_2,pruned,min_fill,0.046863556
1021,2_2,pruned,min_fill,0.046862841
1022,2_2,pruned,min_fill,0.056674242
1023,2_2,pruned,min_fill,0.043218851
1024,2_2,pruned,min_fill,0.046905041
1025,2_2,pruned,min_fill,0.046863556
1026,2_2,pruned,min_fill,0.031244278
1027,2_2,pruned,min_fill,0.046862364
1028,2_2,pruned,min_fill,0.046865463
1029,2_2,pruned,min_fill,0.04686904
1030,2_2,pruned,min_fill,0.046858072
1031,2_2,pruned,min_fill,0.046863317
1032,2_2,pruned,min_fill,0.046864271
1033,2_2,pruned,min_fill,0.031243563
1034,2_2,pruned,min_fill,0.046863794
1035,2_2,pruned,min_fill,0.062452793
1036,2_2,pruned,min_fill,0.05295372
1037,2_2,pruned,min_fill,0.051239491
1038,2_2,pruned,min_fill,0.046307564
1039,2_2,pruned,min_fill,0.046863079
1040,2_2,pruned,min_fill,0.046871662
1041,2_2,pruned,min_fill,0.031236649
1042,2_2,pruned,min_fill,0.062786102
1043,2_2,pruned,min_fill,0.049219847
1044,2_2,pruned,min_fill,0.046192646
1045,2_2,pruned,min_fill,0.034995556
1046,2_2,pruned,min_fill,0.046870232
1047,2_2,pruned,min_fill,0.046866417
1048,2_2,pruned,min_fill,0.04685545
1049,2_2,pruned,min_fill,0.046861172
1050,2_2,pruned,min_fill,0.046833992
1051,2_2,pruned,min_fill,0.046896935
1052,2_2,pruned,min_fill,0.046862841
1053,2_2,pruned,min_fill,0.031241894
1054,2_2,pruned,min_fill,0.046862841
1055,2_2,pruned,min_fill,0.049951553
1056,2_2,pruned,min_fill,0.044324398
1057,2_2,pruned,min_fill,0.052677631
1058,2_2,pruned,min_fill,0.031349182
1059,2_2,pruned,min_fill,0.057121038
1060,2_2,pruned,min_fill,0.04029417
1061,2_2,pruned,min_fill,0.031241655
1062,2_2,pruned,min_fill,0.047201872
1063,2_2,pruned,min_fill,0.046904802
1064,2_2,pruned,min_fill,0.046870947
1065,2_2,pruned,min_fill,0.054104805
1066,2_2,pruned,min_fill,0.044981003
1067,2_2,pruned,min_fill,0.031248093
1068,2_2,pruned,min_fill,0.046866894
1069,2_2,pruned,min_fill,0.046862841
1070,2_2,pruned,min_fill,0.046863556
1071,2_2,pruned,min_fill,0.031242371
1072,2_2,pruned,min_fill,0.046863794
1073,2_2,pruned,min_fill,0.047261715
1074,2_2,pruned,min_fill,0.046826124
1075,2_2,pruned,min_fill,0.046862125
1076,2_2,pruned,min_fill,0.046865463
1077,2_2,pruned,min_fill,0.031242609
1078,2_2,pruned,min_fill,0.046863556
1079,2_2,pruned,min_fill,0.04686451
1080,2_2,pruned,min_fill,0.053239346
1081,2_2,pruned,min_fill,0.031046867
1082,2_2,pruned,min_fill,0.050474405
1083,2_2,pruned,min_fill,0.046912193
1084,2_2,pruned,min_fill,0.031281471
1085,2_2,pruned,min_fill,0.047289133
1086,2_2,pruned,min_fill,0.046907187
1087,2_2,pruned,min_fill,0.046860456
1088,2_2,pruned,min_fill,0.043361664
1089,2_2,pruned,min_fill,0.043355942
1090,2_2,pruned,min_fill,0.042906761
1091,2_2,pruned,min_fill,0.031249046
1092,2_2,pruned,min_fill,0.046863556
1093,2_2,pruned,min_fill,0.046863556
1094,2_2,pruned,min_fill,0.046863794
1095,2_2,pruned,min_fill,0.046862602
1096,2_2,pruned,min_fill,0.031242609
1097,2_2,pruned,min_fill,0.04686594
1098,2_2,pruned,min_fill,0.046899557
1099,2_2,pruned,min_fill,0.046863079
1100,2_2,pruned,min_degree,0.046828747
1101,2_2,pruned,min_degree,0.031241655
1102,2_2,pruned,min_degree,0.046899796
1103,2_2,pruned,min_degree,0.054188251
1104,2_2,pruned,min_degree,0.031158924
1105,2_2,pruned,min_degree,0.051015377
1106,2_2,pruned,min_degree,0.046322346
1107,2_2,pruned,min_degree,0.031246424
1108,2_2,pruned,min_degree,0.046863317
1109,2_2,pruned,min_degree,0.046828508
1110,2_2,pruned,min_degree,0.046865225
1111,2_2,pruned,min_degree,0.043847561
1112,2_2,pruned,min_degree,0.045878172
1113,2_2,pruned,min_degree,0.041049242
1114,2_2,pruned,min_degree,0.03120923
1115,2_2,pruned,min_degree,0.046863556
1116,2_2,pruned,min_degree,0.04689908
1117,2_2,pruned,min_degree,0.046863794
1118,2_2,pruned,min_degree,0.031239748
1119,2_2,pruned,min_degree,0.046866179
1120,2_2,pruned,min_degree,0.046863556
1121,2_2,pruned,min_degree,0.031241179
1122,2_2,pruned,min_degree,0.046867132
1123,2_2,pruned,min_degree,0.046860218
1124,2_2,pruned,min_degree,0.04686451
1125,2_2,pruned,min_degree,0.031245947
1126,2_2,pruned,min_degree,0.057172775
1127,2_2,pruned,min_degree,0.027322054
1128,2_2,pruned,min_degree,0.056196451
1129,2_2,pruned,min_degree,0.04127574
1130,2_2,pruned,min_degree,0.046863556
1131,2_2,pruned,min_degree,0.031241179
1132,2_2,pruned,min_degree,0.046864748
1133,2_2,pruned,min_degree,0.046898842
1134,2_2,pruned,min_degree,0.05658102
1135,2_2,pruned,min_degree,0.044811249
1136,2_2,pruned,min_degree,0.045012474
1137,2_2,pruned,min_degree,0.031244516
1138,2_2,pruned,min_degree,0.046864033
1139,2_2,pruned,min_degree,0.046866894
1140,2_2,pruned,min_degree,0.046867609
1141,2_2,pruned,min_degree,0.046856165
1142,2_2,pruned,min_degree,0.046869278
1143,2_2,pruned,min_degree,0.031239271
1144,2_2,pruned,min_degree,0.046861887
1145,2_2,pruned,min_degree,0.046864748
1146,2_2,pruned,min_degree,0.046864271
1147,2_2,pruned,min_degree,0.046866417
1148,2_2,pruned,min_degree,0.072727203
1149,2_2,pruned,min_degree,0.043057203
1150,2_2,pruned,min_degree,0.051098108
1151,2_2,pruned,min_degree,0.046864986
1152,2_2,pruned,min_degree,0.031242371
1153,2_2,pruned,min_degree,0.062521219
1154,2_2,pruned,min_degree,0.04686594
1155,2_2,pruned,min_degree,0.046826124
1156,2_2,pruned,min_degree,0.047358513
1157,2_2,pruned,min_degree,0.046778679
1158,2_2,pruned,min_degree,0.03550458
1159,2_2,pruned,min_degree,0.046862364
1160,2_2,pruned,min_degree,0.04686594
1161,2_2,pruned,min_degree,0.046860933
1162,2_2,pruned,min_degree,0.046866179
1163,2_2,pruned,min_degree,0.046862602
1164,2_2,pruned,min_degree,0.031244755
1165,2_2,pruned,min_degree,0.047098637
1166,2_2,pruned,min_degree,0.046902657
1167,2_2,pruned,min_degree,0.046863317
1168,2_2,pruned,min_degree,0.046864271
1169,2_2,pruned,min_degree,0.031242371
1170,2_2,pruned,min_degree,0.060163975
1171,2_2,pruned,min_degree,0.039686918
1172,2_2,pruned,min_degree,0.050147772
1173,2_2,pruned,min_degree,0.032315969
1174,2_2,pruned,min_degree,0.046862841
1175,2_2,pruned,min_degree,0.046864748
1176,2_2,pruned,min_degree,0.031243324
1177,2_2,pruned,min_degree,0.046830416
1178,2_2,pruned,min_degree,0.056544542
1179,2_2,pruned,min_degree,0.042891741
1180,2_2,pruned,min_degree,0.031281948
1181,2_2,pruned,min_degree,0.046904087
1182,2_2,pruned,min_degree,0.046826839
1183,2_2,pruned,min_degree,0.046898127
1184,2_2,pruned,min_degree,0.031207085
1185,2_2,pruned,min_degree,0.046896458
1186,2_2,pruned,min_degree,0.046864986
1187,2_2,pruned,min_degree,0.046867847
1188,2_2,pruned,min_degree,0.046859264
1189,2_2,pruned,min_degree,0.031244755
1190,2_2,pruned,min_degree,0.046829939
1191,2_2,pruned,min_degree,0.046896219
1192,2_2,pruned,min_degree,0.031242609
1193,2_2,pruned,min_degree,0.060203791
1194,2_2,pruned,min_degree,0.039764166
1195,2_2,pruned,min_degree,0.04975605
1196,2_2,pruned,min_degree,0.032485247
1197,2_2,pruned,min_degree,0.04687047
1198,2_2,pruned,min_degree,0.046863556
1199,2_2,pruned,min_degree,0.046863556
1200,3_1,unpruned,random,0.125006437
1201,3_1,unpruned,random,0.156246424
1202,3_1,unpruned,random,0.124939919
1203,3_1,unpruned,random,0.084519625
1204,3_1,unpruned,random,0.096417665
1205,3_1,unpruned,random,0.09372735
1206,3_1,unpruned,random,0.147372484
1207,3_1,unpruned,random,0.109342098
1208,3_1,unpruned,random,0.10934639
1209,3_1,unpruned,random,0.12497592
1210,3_1,unpruned,random,0.078422785
1211,3_1,unpruned,random,0.093725443
1212,3_1,unpruned,random,0.093732595
1213,3_1,unpruned,random,0.118092299
1214,3_1,unpruned,random,0.0981915
1215,3_1,unpruned,random,0.078105927
1216,3_1,unpruned,random,0.130045414
1217,3_1,unpruned,random,0.106093884
1218,3_1,unpruned,random,0.109348536
1219,3_1,unpruned,random,0.099592209
1220,3_1,unpruned,random,0.072537184
1221,3_1,unpruned,random,0.078072548
1222,3_1,unpruned,random,0.078140736
1223,3_1,unpruned,random,0.069224834
1224,3_1,unpruned,random,0.065192223
1225,3_1,unpruned,random,0.109347343
1226,3_1,unpruned,random,0.093762159
1227,3_1,unpruned,random,0.076230049
1228,3_1,unpruned,random,0.071159363
1229,3_1,unpruned,random,0.062518835
1230,3_1,unpruned,random,0.078112602
1231,3_1,unpruned,random,0.078101873
1232,3_1,unpruned,random,0.093727112
1233,3_1,unpruned,random,0.109472036
1234,3_1,unpruned,random,0.062484741
1235,3_1,unpruned,random,0.115679979
1236,3_1,unpruned,random,0.065152168
1237,3_1,unpruned,random,0.078104973
1238,3_1,unpruned,random,0.078110695
1239,3_1,unpruned,random,0.094730854
1240,3_1,unpruned,random,0.083975077
1241,3_1,unpruned,random,0.094050884
1242,3_1,unpruned,random,0.093724489
1243,3_1,unpruned,random,0.093728781
1244,3_1,unpruned,random,0.093961716
1245,3_1,unpruned,random,0.078111649
1246,3_1,unpruned,random,0.098493099
1247,3_1,unpruned,random,0.081314802
1248,3_1,unpruned,random,0.062559843
1249,3_1,unpruned,random,0.078072548
1250,3_1,unpruned,random,0.093729258
1251,3_1,unpruned,random,0.072730303
1252,3_1,unpruned,random,0.106439352
1253,3_1,unpruned,random,0.093763828
1254,3_1,unpruned,random,0.09369278
1255,3_1,unpruned,random,0.062484503
1256,3_1,unpruned,random,0.062518597
1257,3_1,unpruned,random,0.07810688
1258,3_1,unpruned,random,0.062452555
1259,3_1,unpruned,random,0.081183434
1260,3_1,unpruned,random,0.084157228
1261,3_1,unpruned,random,0.093882799
1262,3_1,unpruned,random,0.093767405
1263,3_1,unpruned,random,0.066165209
1264,3_1,unpruned,random,0.08103919
1265,3_1,unpruned,random,0.062485933
1266,3_1,unpruned,random,0.078106165
1267,3_1,unpruned,random,0.078106403
1268,3_1,unpruned,random,0.093761921
1269,3_1,unpruned,random,0.078071117
1270,3_1,unpruned,random,0.078142643
1271,3_1,unpruned,random,0.062484264
1272,3_1,unpruned,random,0.068931818
1273,3_1,unpruned,random,0.096351624
1274,3_1,unpruned,random,0.093761683
1275,3_1,unpruned,random,0.078072071
1276,3_1,unpruned,random,0.105910778
1277,3_1,unpruned,random,0.057232141
1278,3_1,unpruned,random,0.094143152
1279,3_1,unpruned,random,0.062480211
1280,3_1,unpruned,random,0.093696833
1281,3_1,unpruned,random,0.093727112
1282,3_1,unpruned,random,0.062519073
1283,3_1,unpruned,random,0.093728781
1284,3_1,unpruned,random,0.068504333
1285,3_1,unpruned,random,0.080836296
1286,3_1,unpruned,random,0.093696356
1287,3_1,unpruned,random,0.078139782
1288,3_1,unpruned,random,0.067208052
1289,3_1,unpruned,random,0.080162287
1290,3_1,unpruned,random,0.093728542
1291,3_1,unpruned,random,0.078105927
1292,3_1,unpruned,random,0.062449217
1293,3_1,unpruned,random,0.093764544
1294,3_1,unpruned,random,0.093967438
1295,3_1,unpruned,random,0.093694687
1296,3_1,unpruned,random,0.108218431
1297,3_1,unpruned,random,0.088149309
1298,3_1,unpruned,random,0.093729258
1299,3_1,unpruned,random,0.079750299
1300,3_1,unpruned,min_fill,0.072610378
1301,3_1,unpruned,min_fill,0.073198795
1302,3_1,unpruned,min_fill,0.062483788
1303,3_1,unpruned,min_fill,0.078073263
1304,3_1,unpruned,min_fill,0.062484741
1305,3_1,unpruned,min_fill,0.078140497
1306,3_1,unpruned,min_fill,0.062485456
1307,3_1,unpruned,min_fill,0.078260183
1308,3_1,unpruned,min_fill,0.078112125
1309,3_1,unpruned,min_fill,0.091638565
1310,3_1,unpruned,min_fill,0.057911396
1311,3_1,unpruned,min_fill,0.078103065
1312,3_1,unpruned,min_fill,0.078607082
1313,3_1,unpruned,min_fill,0.081415415
1314,3_1,unpruned,min_fill,0.065488338
1315,3_1,unpruned,min_fill,0.093762159
1316,3_1,unpruned,min_fill,0.078076839
1317,3_1,unpruned,min_fill,0.07810545
1318,3_1,unpruned,min_fill,0.078138113
1319,3_1,unpruned,min_fill,0.078074217
1320,3_1,unpruned,min_fill,0.078105927
1321,3_1,unpruned,min_fill,0.062520504
1322,3_1,unpruned,min_fill,0.06888032
1323,3_1,unpruned,min_fill,0.096434832
1324,3_1,unpruned,min_fill,0.078142405
1325,3_1,unpruned,min_fill,0.078072309
1326,3_1,unpruned,min_fill,0.076160908
1327,3_1,unpruned,min_fill,0.055609226
1328,3_1,unpruned,min_fill,0.078109026
1329,3_1,unpruned,min_fill,0.078140259
1330,3_1,unpruned,min_fill,0.062712193
1331,3_1,unpruned,min_fill,0.078142166
1332,3_1,unpruned,min_fill,0.062480927
1333,3_1,unpruned,min_fill,0.078109503
1334,3_1,unpruned,min_fill,0.062448263
1335,3_1,unpruned,min_fill,0.079654694
1336,3_1,unpruned,min_fill,0.069827557
1337,3_1,unpruned,min_fill,0.062487602
1338,3_1,unpruned,min_fill,0.062484503
1339,3_1,unpruned,min_fill,0.078106642
1340,3_1,unpruned,min_fill,0.069556713
1341,3_1,unpruned,min_fill,0.06645751
1342,3_1,unpruned,min_fill,0.058255911
1343,3_1,unpruned,min_fill,0.06251955
1344,3_1,unpruned,min_fill,0.078106642
1345,3_1,unpruned,min_fill,0.062935591
1346,3_1,unpruned,min_fill,0.06252265
1347,3_1,unpruned,min_fill,0.062486887
1348,3_1,unpruned,min_fill,0.07810998
1349,3_1,unpruned,min_fill,0.06244874
1350,3_1,unpruned,min_fill,0.072681665
1351,3_1,unpruned,min_fill,0.061025143
1352,3_1,unpruned,min_fill,0.062486172
1353,3_1,unpruned,min_fill,0.078106642
1354,3_1,unpruned,min_fill,0.078143835
1355,3_1,unpruned,min_fill,0.071150303
1356,3_1,unpruned,min_fill,0.060513735
1357,3_1,unpruned,min_fill,0.062523127
1358,3_1,unpruned,min_fill,0.078107834
1359,3_1,unpruned,min_fill,0.078101158
1360,3_1,unpruned,min_fill,0.06248951
1361,3_1,unpruned,min_fill,0.07810688
1362,3_1,unpruned,min_fill,0.093883038
1363,3_1,unpruned,min_fill,0.078104496
1364,3_1,unpruned,min_fill,0.084422827
1365,3_1,unpruned,min_fill,0.080749273
1366,3_1,unpruned,min_fill,0.078109503
1367,3_1,unpruned,min_fill,0.078110695
1368,3_1,unpruned,min_fill,0.078111649
1369,3_1,unpruned,min_fill,0.069271564
1370,3_1,unpruned,min_fill,0.062523127
1371,3_1,unpruned,min_fill,0.078102589
1372,3_1,unpruned,min_fill,0.07810998
1373,3_1,unpruned,min_fill,0.062491894
1374,3_1,unpruned,min_fill,0.06247735
1375,3_1,unpruned,min_fill,0.078103781
1376,3_1,unpruned,min_fill,0.078108788
1377,3_1,unpruned,min_fill,0.069860697
1378,3_1,unpruned,min_fill,0.070821762
1379,3_1,unpruned,min_fill,0.055914402
1380,3_1,unpruned,min_fill,0.078106165
1381,3_1,unpruned,min_fill,0.062452793
1382,3_1,unpruned,min_fill,0.081129313
1383,3_1,unpruned,min_fill,0.069571495
1384,3_1,unpruned,min_fill,0.059205055
1385,3_1,unpruned,min_fill,0.062518597
1386,3_1,unpruned,min_fill,0.078112602
1387,3_1,unpruned,min_fill,0.062446117
1388,3_1,unpruned,min_fill,0.078349352
1389,3_1,unpruned,min_fill,0.062451363
1390,3_1,unpruned,min_fill,0.062485456
1391,3_1,unpruned,min_fill,0.078107357
1392,3_1,unpruned,min_fill,0.068747759
1393,3_1,unpruned,min_fill,0.065167665
1394,3_1,unpruned,min_fill,0.062484741
1395,3_1,unpruned,min_fill,0.078140259
1396,3_1,unpruned,min_fill,0.062485695
1397,3_1,unpruned,min_fill,0.073233604
1398,3_1,unpruned,min_fill,0.058535576
1399,3_1,unpruned,min_fill,0.082365751
1400,3_1,unpruned,min_degree,0.072802782
1401,3_1,unpruned,min_degree,0.069813013
1402,3_1,unpruned,min_degree,0.070811987
1403,3_1,unpruned,min_degree,0.069812775
1404,3_1,unpruned,min_degree,0.071810961
1405,3_1,unpruned,min_degree,0.071803808
1406,3_1,unpruned,min_degree,0.070811272
1407,3_1,unpruned,min_degree,0.073805332
1408,3_1,unpruned,min_degree,0.073835373
1409,3_1,unpruned,min_degree,0.073768854
1410,3_1,unpruned,min_degree,0.073837042
1411,3_1,unpruned,min_degree,0.072804213
1412,3_1,unpruned,min_degree,0.075760841
1413,3_1,unpruned,min_degree,0.068818569
1414,3_1,unpruned,min_degree,0.071805477
1415,3_1,unpruned,min_degree,0.071810722
1416,3_1,unpruned,min_degree,0.071840525
1417,3_1,unpruned,min_degree,0.074766874
1418,3_1,unpruned,min_degree,0.069811583
1419,3_1,unpruned,min_degree,0.068816662
1420,3_1,unpruned,min_degree,0.073802948
1421,3_1,unpruned,min_degree,0.070255041
1422,3_1,unpruned,min_degree,0.062491894
1423,3_1,unpruned,min_degree,0.078140497
1424,3_1,unpruned,min_degree,0.062483072
1425,3_1,unpruned,min_degree,0.085959435
1426,3_1,unpruned,min_degree,0.069548607
1427,3_1,unpruned,min_degree,0.055888414
1428,3_1,unpruned,min_degree,0.078109264
1429,3_1,unpruned,min_degree,0.078107834
1430,3_1,unpruned,min_degree,0.062482595
1431,3_1,unpruned,min_degree,0.078106642
1432,3_1,unpruned,min_degree,0.078073502
1433,3_1,unpruned,min_degree,0.078140259
1434,3_1,unpruned,min_degree,0.067161798
1435,3_1,unpruned,min_degree,0.065670013
1436,3_1,unpruned,min_degree,0.078145742
1437,3_1,unpruned,min_degree,0.078107595
1438,3_1,unpruned,min_degree,0.062491655
1439,3_1,unpruned,min_degree,0.083295822
1440,3_1,unpruned,min_degree,0.070268869
1441,3_1,unpruned,min_degree,0.057548523
1442,3_1,unpruned,min_degree,0.078103542
1443,3_1,unpruned,min_degree,0.062487364
1444,3_1,unpruned,min_degree,0.078106403
1445,3_1,unpruned,min_degree,0.062770844
1446,3_1,unpruned,min_degree,0.078107357
1447,3_1,unpruned,min_degree,0.078106642
1448,3_1,unpruned,min_degree,0.066892862
1449,3_1,unpruned,min_degree,0.06516552
1450,3_1,unpruned,min_degree,0.078114271
1451,3_1,unpruned,min_degree,0.062515259
1452,3_1,unpruned,min_degree,0.078075171
1453,3_1,unpruned,min_degree,0.068589687
1454,3_1,unpruned,min_degree,0.063230515
1455,3_1,unpruned,min_degree,0.062450409
1456,3_1,unpruned,min_degree,0.062518597
1457,3_1,unpruned,min_degree,0.078109741
1458,3_1,unpruned,min_degree,0.062484264
1459,3_1,unpruned,min_degree,0.078103542
1460,3_1,unpruned,min_degree,0.062486887
1461,3_1,unpruned,min_degree,0.062450647
1462,3_1,unpruned,min_degree,0.062485218
1463,3_1,unpruned,min_degree,0.068972349
1464,3_1,unpruned,min_degree,0.065253496
1465,3_1,unpruned,min_degree,0.078480482
1466,3_1,unpruned,min_degree,0.062451839
1467,3_1,unpruned,min_degree,0.062484503
1468,3_1,unpruned,min_degree,0.081158876
1469,3_1,unpruned,min_degree,0.065871477
1470,3_1,unpruned,min_degree,0.062483788
1471,3_1,unpruned,min_degree,0.062484026
1472,3_1,unpruned,min_degree,0.078109264
1473,3_1,unpruned,min_degree,0.062451363
1474,3_1,unpruned,min_degree,0.062484026
1475,3_1,unpruned,min_degree,0.07810688
1476,3_1,unpruned,min_degree,0.062485933
1477,3_1,unpruned,min_degree,0.076835394
1478,3_1,unpruned,min_degree,0.064828634
1479,3_1,unpruned,min_degree,0.070029736
1480,3_1,unpruned,min_degree,0.062483311
1481,3_1,unpruned,min_degree,0.062453747
1482,3_1,unpruned,min_degree,0.080670834
1483,3_1,unpruned,min_degree,0.066507578
1484,3_1,unpruned,min_degree,0.06324482
1485,3_1,unpruned,min_degree,0.062484503
1486,3_1,unpruned,min_degree,0.062485456
1487,3_1,unpruned,min_degree,0.062484503
1488,3_1,unpruned,min_degree,0.078105688
1489,3_1,unpruned,min_degree,0.062485933
1490,3_1,unpruned,min_degree,0.078505039
1491,3_1,unpruned,min_degree,0.062491655
1492,3_1,unpruned,min_degree,0.075780153
1493,3_1,unpruned,min_degree,0.05790925
1494,3_1,unpruned,min_degree,0.078110695
1495,3_1,unpruned,min_degree,0.062484264
1496,3_1,unpruned,min_degree,0.062483311
1497,3_1,unpruned,min_degree,0.086941242
1498,3_1,unpruned,min_degree,0.060484648
1499,3_1,unpruned,min_degree,0.078145266
1500,3_1,pruned,random,0.046864271
1501,3_1,pruned,random,0.046859741
1502,3_1,pruned,random,0.031242371
1503,3_1,pruned,random,0.046858549
1504,3_1,pruned,random,0.046871662
1505,3_1,pruned,random,0.046864986
1506,3_1,pruned,random,0.03123951
1507,3_1,pruned,random,0.046873331
1508,3_1,pruned,random,0.062641621
1509,3_1,pruned,random,0.046906948
1510,3_1,pruned,random,0.052340031
1511,3_1,pruned,random,0.032010078
1512,3_1,pruned,random,0.049457073
1513,3_1,pruned,random,0.062836647
1514,3_1,pruned,random,0.046866894
1515,3_1,pruned,random,0.046862602
1516,3_1,pruned,random,0.04686451
1517,3_1,pruned,random,0.048551321
1518,3_1,pruned,random,0.044480801
1519,3_1,pruned,random,0.038470268
1520,3_1,pruned,random,0.046903133
1521,3_1,pruned,random,0.046860695
1522,3_1,pruned,random,0.046865463
1523,3_1,pruned,random,0.046860933
1524,3_1,pruned,random,0.031242609
1525,3_1,pruned,random,0.046866417
1526,3_1,pruned,random,0.046864033
1527,3_1,pruned,random,0.046861172
1528,3_1,pruned,random,0.046863556
1529,3_1,pruned,random,0.046865225
1530,3_1,pruned,random,0.046863079
1531,3_1,pruned,random,0.031245232
1532,3_1,pruned,random,0.057558298
1533,3_1,pruned,random,0.044857979
1534,3_1,pruned,random,0.031714678
1535,3_1,pruned,random,0.046905994
1536,3_1,pruned,random,0.046861172
1537,3_1,pruned,random,0.049166441
1538,3_1,pruned,random,0.04475975
1539,3_1,pruned,random,0.031242609
1540,3_1,pruned,random,0.054311991
1541,3_1,pruned,random,0.0442307
1542,3_1,pruned,random,0.033018112
1543,3_1,pruned,random,0.046828747
1544,3_1,pruned,random,0.03124404
1545,3_1,pruned,random,0.046864033
1546,3_1,pruned,random,0.046864748
1547,3_1,pruned,random,0.031241655
1548,3_1,pruned,random,0.046897888
1549,3_1,pruned,random,0.046864271
1550,3_1,pruned,random,0.031242371
1551,3_1,pruned,random,0.046828985
1552,3_1,pruned,random,0.046865463
1553,3_1,pruned,random,0.031241894
1554,3_1,pruned,random,0.046896696
1555,3_1,pruned,random,0.046831131
1556,3_1,pruned,random,0.037667036
1557,3_1,pruned,random,0.049516201
1558,3_1,pruned,random,0.03131175
1559,3_1,pruned,random,0.046832323
1560,3_1,pruned,random,0.046863556
1561,3_1,pruned,random,0.046895742
1562,3_1,pruned,random,0.031208754
1563,3_1,pruned,random,0.058532715
1564,3_1,pruned,random,0.04228878
1565,3_1,pruned,random,0.043215036
1566,3_1,pruned,random,0.034645796
1567,3_1,pruned,random,0.046864033
1568,3_1,pruned,random,0.031242371
1569,3_1,pruned,random,0.046862364
1570,3_1,pruned,random,0.046864033
1571,3_1,pruned,random,0.046911716
1572,3_1,pruned,random,0.031232357
1573,3_1,pruned,random,0.046861172
1574,3_1,pruned,random,0.031244278
1575,3_1,pruned,random,0.04686141
1576,3_1,pruned,random,0.046867371
1577,3_1,pruned,random,0.031241179
1578,3_1,pruned,random,0.046830177
1579,3_1,pruned,random,0.052580833
1580,3_1,pruned,random,0.032001495
1581,3_1,pruned,random,0.049523592
1582,3_1,pruned,random,0.031276226
1583,3_1,pruned,random,0.04686451
1584,3_1,pruned,random,0.046830893
1585,3_1,pruned,random,0.046863317
1586,3_1,pruned,random,0.046864271
1587,3_1,pruned,random,0.04822731
1588,3_1,pruned,random,0.044024467
1589,3_1,pruned,random,0.038942814
1590,3_1,pruned,random,0.031283617
1591,3_1,pruned,random,0.0468297
1592,3_1,pruned,random,0.046864271
1593,3_1,pruned,random,0.031242609
1594,3_1,pruned,random,0.046863317
1595,3_1,pruned,random,0.046863317
1596,3_1,pruned,random,0.031243801
1597,3_1,pruned,random,0.046895027
1598,3_1,pruned,random,0.046863079
1599,3_1,pruned,random,0.046833515
1600,3_1,pruned,min_fill,0.046862125
1601,3_1,pruned,min_fill,0.031243324
1602,3_1,pruned,min_fill,0.052855253
1603,3_1,pruned,min_fill,0.03228116
1604,3_1,pruned,min_fill,0.050193787
1605,3_1,pruned,min_fill,0.030703783
1606,3_1,pruned,min_fill,0.046832323
1607,3_1,pruned,min_fill,0.046864033
1608,3_1,pruned,min_fill,0.046863079
1609,3_1,pruned,min_fill,0.046896219
1610,3_1,pruned,min_fill,0.050943375
1611,3_1,pruned,min_fill,0.044186354
1612,3_1,pruned,min_fill,0.036630392
1613,3_1,pruned,min_fill,0.046900749
1614,3_1,pruned,min_fill,0.046861887
1615,3_1,pruned,min_fill,0.031241655
1616,3_1,pruned,min_fill,0.046866894
1617,3_1,pruned,min_fill,0.046860218
1618,3_1,pruned,min_fill,0.046866179
1619,3_1,pruned,min_fill,0.046863794
1620,3_1,pruned,min_fill,0.04686451
1621,3_1,pruned,min_fill,0.031245708
1622,3_1,pruned,min_fill,0.062807798
1623,3_1,pruned,min_fill,0.046870708
1624,3_1,pruned,min_fill,0.04690218
1625,3_1,pruned,min_fill,0.052845955
1626,3_1,pruned,min_fill,0.050196648
1627,3_1,pruned,min_fill,0.04632616
1628,3_1,pruned,min_fill,0.046867609
1629,3_1,pruned,min_fill,0.046863556
1630,3_1,pruned,min_fill,0.03123951
1631,3_1,pruned,min_fill,0.046865463
1632,3_1,pruned,min_fill,0.058714151
1633,3_1,pruned,min_fill,0.04466486
1634,3_1,pruned,min_fill,0.0439291
1635,3_1,pruned,min_fill,0.031239271
1636,3_1,pruned,min_fill,0.046864748
1637,3_1,pruned,min_fill,0.046864271
1638,3_1,pruned,min_fill,0.046862364
1639,3_1,pruned,min_fill,0.04686451
1640,3_1,pruned,min_fill,0.046864986
1641,3_1,pruned,min_fill,0.046863556
1642,3_1,pruned,min_fill,0.031240702
1643,3_1,pruned,min_fill,0.046862602
1644,3_1,pruned,min_fill,0.046866894
1645,3_1,pruned,min_fill,0.046868324
1646,3_1,pruned,min_fill,0.046857595
1647,3_1,pruned,min_fill,0.046988964
1648,3_1,pruned,min_fill,0.043892622
1649,3_1,pruned,min_fill,0.043768644
1650,3_1,pruned,min_fill,0.031241894
1651,3_1,pruned,min_fill,0.046863556
1652,3_1,pruned,min_fill,0.04686451
1653,3_1,pruned,min_fill,0.031274557
1654,3_1,pruned,min_fill,0.046830893
1655,3_1,pruned,min_fill,0.05114913
1656,3_1,pruned,min_fill,0.042174816
1657,3_1,pruned,min_fill,0.037975311
1658,3_1,pruned,min_fill,0.031211376
1659,3_1,pruned,min_fill,0.046863556
1660,3_1,pruned,min_fill,0.046895027
1661,3_1,pruned,min_fill,0.046862841
1662,3_1,pruned,min_fill,0.031245708
1663,3_1,pruned,min_fill,0.04686141
1664,3_1,pruned,min_fill,0.046863794
1665,3_1,pruned,min_fill,0.031242609
1666,3_1,pruned,min_fill,0.046864033
1667,3_1,pruned,min_fill,0.046864986
1668,3_1,pruned,min_fill,0.046831608
1669,3_1,pruned,min_fill,0.031275272
1670,3_1,pruned,min_fill,0.062184095
1671,3_1,pruned,min_fill,0.037955999
1672,3_1,pruned,min_fill,0.049645662
1673,3_1,pruned,min_fill,0.031625032
1674,3_1,pruned,min_fill,0.046900988
1675,3_1,pruned,min_fill,0.046866655
1676,3_1,pruned,min_fill,0.031243563
1677,3_1,pruned,min_fill,0.046829462
1678,3_1,pruned,min_fill,0.055165291
1679,3_1,pruned,min_fill,0.042304993
1680,3_1,pruned,min_fill,0.033854485
1681,3_1,pruned,min_fill,0.046867132
1682,3_1,pruned,min_fill,0.031242847
1683,3_1,pruned,min_fill,0.046863556
1684,3_1,pruned,min_fill,0.046863556
1685,3_1,pruned,min_fill,0.046862841
1686,3_1,pruned,min_fill,0.046864033
1687,3_1,pruned,min_fill,0.04726696
1688,3_1,pruned,min_fill,0.031243324
1689,3_1,pruned,min_fill,0.046864033
1690,3_1,pruned,min_fill,0.046864033
1691,3_1,pruned,min_fill,0.046863079
1692,3_1,pruned,min_fill,0.046899557
1693,3_1,pruned,min_fill,0.048145056
1694,3_1,pruned,min_fill,0.035987139
1695,3_1,pruned,min_fill,0.050027847
1696,3_1,pruned,min_fill,0.046864986
1697,3_1,pruned,min_fill,0.062484026
1698,3_1,pruned,min_fill,0.046897411
1699,3_1,pruned,min_fill,0.062450171
1700,3_1,pruned,min_degree,0.055568218
1701,3_1,pruned,min_degree,0.051199913
1702,3_1,pruned,min_degree,0.039559126
1703,3_1,pruned,min_degree,0.062488317
1704,3_1,pruned,min_degree,0.062566996
1705,3_1,pruned,min_degree,0.046873093
1706,3_1,pruned,min_degree,0.078102112
1707,3_1,pruned,min_degree,0.046868324
1708,3_1,pruned,min_degree,0.046896696
1709,3_1,pruned,min_degree,0.062453747
1710,3_1,pruned,min_degree,0.046893597
1711,3_1,pruned,min_degree,0.046865463
1712,3_1,pruned,min_degree,0.065033913
1713,3_1,pruned,min_degree,0.051907301
1714,3_1,pruned,min_degree,0.048947811
1715,3_1,pruned,min_degree,0.046864033
1716,3_1,pruned,min_degree,0.078103304
1717,3_1,pruned,min_degree,0.046897411
1718,3_1,pruned,min_degree,0.065137863
1719,3_1,pruned,min_degree,0.053667545
1720,3_1,pruned,min_degree,0.043610811
1721,3_1,pruned,min_degree,0.046862841
1722,3_1,pruned,min_degree,0.062481642
1723,3_1,pruned,min_degree,0.046863794
1724,3_1,pruned,min_degree,0.0468297
1725,3_1,pruned,min_degree,0.062520742
1726,3_1,pruned,min_degree,0.046860695
1727,3_1,pruned,min_degree,0.062488556
1728,3_1,pruned,min_degree,0.062449217
1729,3_1,pruned,min_degree,0.078444481
1730,3_1,pruned,min_degree,0.053580284
1731,3_1,pruned,min_degree,0.065270185
1732,3_1,pruned,min_degree,0.062526703
1733,3_1,pruned,min_degree,0.070550919
1734,3_1,pruned,min_degree,0.045345306
1735,3_1,pruned,min_degree,0.062483788
1736,3_1,pruned,min_degree,0.064978361
1737,3_1,pruned,min_degree,0.043908596
1738,3_1,pruned,min_degree,0.062492847
1739,3_1,pruned,min_degree,0.046862841
1740,3_1,pruned,min_degree,0.062485933
1741,3_1,pruned,min_degree,0.046863556
1742,3_1,pruned,min_degree,0.06251955
1743,3_1,pruned,min_degree,0.046863556
1744,3_1,pruned,min_degree,0.046864033
1745,3_1,pruned,min_degree,0.062488079
1746,3_1,pruned,min_degree,0.046861172
1747,3_1,pruned,min_degree,0.046863794
1748,3_1,pruned,min_degree,0.053840876
1749,3_1,pruned,min_degree,0.048520088
1750,3_1,pruned,min_degree,0.032403708
1751,3_1,pruned,min_degree,0.046830654
1752,3_1,pruned,min_degree,0.046863556
1753,3_1,pruned,min_degree,0.04686594
1754,3_1,pruned,min_degree,0.046901226
1755,3_1,pruned,min_degree,0.054688692
1756,3_1,pruned,min_degree,0.044342995
1757,3_1,pruned,min_degree,0.048080683
1758,3_1,pruned,min_degree,0.046906471
1759,3_1,pruned,min_degree,0.031239271
1760,3_1,pruned,min_degree,0.0468328
1761,3_1,pruned,min_degree,0.046863317
1762,3_1,pruned,min_degree,0.046864271
1763,3_1,pruned,min_degree,0.031240225
1764,3_1,pruned,min_degree,0.046866179
1765,3_1,pruned,min_degree,0.046864033
1766,3_1,pruned,min_degree,0.046862841
1767,3_1,pruned,min_degree,0.046895504
1768,3_1,pruned,min_degree,0.031243801
1769,3_1,pruned,min_degree,0.046865463
1770,3_1,pruned,min_degree,0.052755594
1771,3_1,pruned,min_degree,0.032009363
1772,3_1,pruned,min_degree,0.049501419
1773,3_1,pruned,min_degree,0.031242847
1774,3_1,pruned,min_degree,0.04686451
1775,3_1,pruned,min_degree,0.046898365
1776,3_1,pruned,min_degree,0.031206846
1777,3_1,pruned,min_degree,0.046863317
1778,3_1,pruned,min_degree,0.049841642
1779,3_1,pruned,min_degree,0.043298483
1780,3_1,pruned,min_degree,0.03862381
1781,3_1,pruned,min_degree,0.03124547
1782,3_1,pruned,min_degree,0.04689765
1783,3_1,pruned,min_degree,0.046830416
1784,3_1,pruned,min_degree,0.031242132
1785,3_1,pruned,min_degree,0.046862364
1786,3_1,pruned,min_degree,0.046864033
1787,3_1,pruned,min_degree,0.046864986
1788,3_1,pruned,min_degree,0.031276941
1789,3_1,pruned,min_degree,0.046864033
1790,3_1,pruned,min_degree,0.031243801
1791,3_1,pruned,min_degree,0.046828508
1792,3_1,pruned,min_degree,0.046864271
1793,3_1,pruned,min_degree,0.046864033
1794,3_1,pruned,min_degree,0.04100275
1795,3_1,pruned,min_degree,0.028054953
1796,3_1,pruned,min_degree,0.049511194
1797,3_1,pruned,min_degree,0.031282902
1798,3_1,pruned,min_degree,0.046830654
1799,3_1,pruned,min_degree,0.046864748
